qa_id,question,answer
1,What will SkillMiner recommend if my current strength is data visualization but I want to focus more on interview prep?,"SkillMiner uses your resume, target role backend developer, and declared strengths in data visualization to generate a learning plan. It balances review of fundamentals with deeper interview prep tasks, and updates recommendations as you mark items complete."
2,"In SkillMiner, what happens after I upload my resume and choose business analyst as my target role?","When you choose business analyst in SkillMiner, the system builds a personalized roadmap. It emphasizes missing areas like cloud computing on AWS, allocates time to LeetCode practice, and tracks completion so each week you know exactly what to work on."
3,How does SkillMiner prioritize topics when I have limited time each week?,"SkillMiner uses your resume, target role business analyst, and declared strengths in Python to generate a learning plan. It balances review of fundamentals with deeper ML theory tasks, and updates recommendations as you mark items complete."
4,How does SkillMiner decide which skills I should learn first if I target a ML research engineer?,"If you target a ML research engineer role, SkillMiner clusters your skills around themes such as SQL and aligns them with job‑relevant milestones. The study plan focuses on system design so that your learning directly supports your next career move."
5,How does SkillMiner generate a study plan when I want to move into frontend developer?,SkillMiner analyzes your target role of frontend developer and compares it with your current profile to highlight gaps in Python. It then builds a step‑by‑step plan that starts with core theory and gradually moves into hands‑on projects focused on interview prep.
6,"In SkillMiner, how can I improve my deep learning for a full‑stack engineer role?","For a full‑stack engineer transition, SkillMiner first extracts skills from your resume, then ranks missing skills such as deep learning by impact. It schedules them into weekly sprints that emphasize LeetCode practice so you can see steady, measurable progress."
7,"In SkillMiner, how can I improve my Python for a product manager role?",SkillMiner analyzes your target role of product manager and compares it with your current profile to highlight gaps in Python. It then builds a step‑by‑step plan that starts with core theory and gradually moves into hands‑on projects focused on interview prep.
8,How does SkillMiner use my resume to identify missing skills for a product manager?,"SkillMiner uses your resume, target role product manager, and declared strengths in time‑series analysis to generate a learning plan. It balances review of fundamentals with deeper system design tasks, and updates recommendations as you mark items complete."
9,How does SkillMiner decide which skills I should learn first if I target a full‑stack engineer?,"SkillMiner uses your resume, target role full‑stack engineer, and declared strengths in NLP to generate a learning plan. It balances review of fundamentals with deeper projects tasks, and updates recommendations as you mark items complete."
10,How does SkillMiner decide which skills I should learn first if I target a backend developer?,"If you target a backend developer role, SkillMiner clusters your skills around themes such as deep learning and aligns them with job‑relevant milestones. The study plan focuses on LeetCode practice so that your learning directly supports your next career move."
11,"In SkillMiner, how can I improve my Docker & Kubernetes for a frontend developer role?","When you choose frontend developer in SkillMiner, the system builds a personalized roadmap. It emphasizes missing areas like Docker & Kubernetes, allocates time to projects, and tracks completion so each week you know exactly what to work on."
12,How does SkillMiner track my progress across different skills like Docker & Kubernetes?,"For a frontend developer transition, SkillMiner first extracts skills from your resume, then ranks missing skills such as Docker & Kubernetes by impact. It schedules them into weekly sprints that emphasize LeetCode practice so you can see steady, measurable progress."
13,How does SkillMiner use my resume to identify missing skills for a backend developer?,"When you choose backend developer in SkillMiner, the system builds a personalized roadmap. It emphasizes missing areas like time‑series analysis, allocates time to ML theory, and tracks completion so each week you know exactly what to work on."
14,"In SkillMiner, how are weekly learning hours used to schedule my SQL case studies?","When you choose product manager in SkillMiner, the system builds a personalized roadmap. It emphasizes missing areas like time‑series analysis, allocates time to SQL case studies, and tracks completion so each week you know exactly what to work on."
15,"In SkillMiner, what happens after I upload my resume and choose ML research engineer as my target role?",SkillMiner analyzes your target role of ML research engineer and compares it with your current profile to highlight gaps in deep learning. It then builds a step‑by‑step plan that starts with core theory and gradually moves into hands‑on projects focused on portfolio building.
16,How does SkillMiner generate a study plan when I want to move into backend developer?,"For a backend developer transition, SkillMiner first extracts skills from your resume, then ranks missing skills such as time‑series analysis by impact. It schedules them into weekly sprints that emphasize system design so you can see steady, measurable progress."
17,"In SkillMiner, how are weekly learning hours used to schedule my interview prep?","SkillMiner uses your resume, target role frontend developer, and declared strengths in data visualization to generate a learning plan. It balances review of fundamentals with deeper interview prep tasks, and updates recommendations as you mark items complete."
18,How can SkillMiner help me turn my past experience into projects for a business analyst?,SkillMiner analyzes your target role of business analyst and compares it with your current profile to highlight gaps in time‑series analysis. It then builds a step‑by‑step plan that starts with core theory and gradually moves into hands‑on projects focused on projects.
19,How does SkillMiner prioritize topics when I have limited time each week?,"SkillMiner uses your resume, target role machine learning engineer, and declared strengths in deep learning to generate a learning plan. It balances review of fundamentals with deeper ML theory tasks, and updates recommendations as you mark items complete."
20,How does SkillMiner generate a study plan when I want to move into backend developer?,"For a backend developer transition, SkillMiner first extracts skills from your resume, then ranks missing skills such as machine learning fundamentals by impact. It schedules them into weekly sprints that emphasize foundations so you can see steady, measurable progress."
21,How does SkillMiner decide which skills I should learn first if I target a data scientist?,"If you target a data scientist role, SkillMiner clusters your skills around themes such as machine learning fundamentals and aligns them with job‑relevant milestones. The study plan focuses on projects so that your learning directly supports your next career move."
22,How does SkillMiner decide which skills I should learn first if I target a backend developer?,"If you target a backend developer role, SkillMiner clusters your skills around themes such as cloud computing on AWS and aligns them with job‑relevant milestones. The study plan focuses on ML theory so that your learning directly supports your next career move."
23,"In SkillMiner, how can I improve my statistics for a machine learning engineer role?","If you target a machine learning engineer role, SkillMiner clusters your skills around themes such as statistics and aligns them with job‑relevant milestones. The study plan focuses on interview prep so that your learning directly supports your next career move."
24,What will SkillMiner recommend if my current strength is time‑series analysis but I want to focus more on interview prep?,"SkillMiner uses your resume, target role ML research engineer, and declared strengths in time‑series analysis to generate a learning plan. It balances review of fundamentals with deeper interview prep tasks, and updates recommendations as you mark items complete."
25,How does SkillMiner generate a study plan when I want to move into full‑stack engineer?,SkillMiner analyzes your target role of full‑stack engineer and compares it with your current profile to highlight gaps in deep learning. It then builds a step‑by‑step plan that starts with core theory and gradually moves into hands‑on projects focused on SQL case studies.
26,How does SkillMiner track my progress across different skills like data visualization?,SkillMiner analyzes your target role of frontend developer and compares it with your current profile to highlight gaps in data visualization. It then builds a step‑by‑step plan that starts with core theory and gradually moves into hands‑on projects focused on system design.
27,How does SkillMiner generate a study plan when I want to move into data engineer?,"SkillMiner uses your resume, target role data engineer, and declared strengths in machine learning fundamentals to generate a learning plan. It balances review of fundamentals with deeper SQL case studies tasks, and updates recommendations as you mark items complete."
28,"In SkillMiner, what happens after I upload my resume and choose data scientist as my target role?",SkillMiner analyzes your target role of data scientist and compares it with your current profile to highlight gaps in time‑series analysis. It then builds a step‑by‑step plan that starts with core theory and gradually moves into hands‑on projects focused on ML theory.
29,What will SkillMiner recommend if my current strength is cloud computing on AWS but I want to focus more on system design?,SkillMiner analyzes your target role of data scientist and compares it with your current profile to highlight gaps in cloud computing on AWS. It then builds a step‑by‑step plan that starts with core theory and gradually moves into hands‑on projects focused on system design.
30,How can SkillMiner help me turn my past experience into projects for a full‑stack engineer?,"When you choose full‑stack engineer in SkillMiner, the system builds a personalized roadmap. It emphasizes missing areas like SQL, allocates time to SQL case studies, and tracks completion so each week you know exactly what to work on."
31,How does SkillMiner track my progress across different skills like data visualization?,"SkillMiner uses your resume, target role data scientist, and declared strengths in data visualization to generate a learning plan. It balances review of fundamentals with deeper system design tasks, and updates recommendations as you mark items complete."
32,How does SkillMiner use my resume to identify missing skills for a business analyst?,"For a business analyst transition, SkillMiner first extracts skills from your resume, then ranks missing skills such as SQL by impact. It schedules them into weekly sprints that emphasize foundations so you can see steady, measurable progress."
33,"In SkillMiner, how can I improve my SQL for a full‑stack engineer role?","SkillMiner uses your resume, target role full‑stack engineer, and declared strengths in SQL to generate a learning plan. It balances review of fundamentals with deeper interview prep tasks, and updates recommendations as you mark items complete."
34,What will SkillMiner recommend if my current strength is time‑series analysis but I want to focus more on ML theory?,"SkillMiner uses your resume, target role ML research engineer, and declared strengths in time‑series analysis to generate a learning plan. It balances review of fundamentals with deeper ML theory tasks, and updates recommendations as you mark items complete."
35,"In SkillMiner, what happens after I upload my resume and choose data engineer as my target role?","If you target a data engineer role, SkillMiner clusters your skills around themes such as deep learning and aligns them with job‑relevant milestones. The study plan focuses on foundations so that your learning directly supports your next career move."
36,"In SkillMiner, how can I improve my NLP for a backend developer role?","If you target a backend developer role, SkillMiner clusters your skills around themes such as NLP and aligns them with job‑relevant milestones. The study plan focuses on SQL case studies so that your learning directly supports your next career move."
37,How does SkillMiner decide which skills I should learn first if I target a frontend developer?,"If you target a frontend developer role, SkillMiner clusters your skills around themes such as Docker & Kubernetes and aligns them with job‑relevant milestones. The study plan focuses on portfolio building so that your learning directly supports your next career move."
38,How does SkillMiner track my progress across different skills like Python?,"SkillMiner uses your resume, target role backend developer, and declared strengths in Python to generate a learning plan. It balances review of fundamentals with deeper SQL case studies tasks, and updates recommendations as you mark items complete."
39,How does SkillMiner generate a study plan when I want to move into business analyst?,"When you choose business analyst in SkillMiner, the system builds a personalized roadmap. It emphasizes missing areas like Python, allocates time to LeetCode practice, and tracks completion so each week you know exactly what to work on."
40,What will SkillMiner recommend if my current strength is machine learning fundamentals but I want to focus more on portfolio building?,SkillMiner analyzes your target role of frontend developer and compares it with your current profile to highlight gaps in machine learning fundamentals. It then builds a step‑by‑step plan that starts with core theory and gradually moves into hands‑on projects focused on portfolio building.
41,How does SkillMiner prioritize topics when I have limited time each week?,"If you target a full‑stack engineer role, SkillMiner clusters your skills around themes such as data visualization and aligns them with job‑relevant milestones. The study plan focuses on foundations so that your learning directly supports your next career move."
42,How can SkillMiner help me turn my past experience into projects for a backend developer?,"SkillMiner uses your resume, target role backend developer, and declared strengths in statistics to generate a learning plan. It balances review of fundamentals with deeper projects tasks, and updates recommendations as you mark items complete."
43,"In SkillMiner, how can I improve my time‑series analysis for a business analyst role?","For a business analyst transition, SkillMiner first extracts skills from your resume, then ranks missing skills such as time‑series analysis by impact. It schedules them into weekly sprints that emphasize LeetCode practice so you can see steady, measurable progress."
44,"In SkillMiner, how are weekly learning hours used to schedule my foundations?",SkillMiner analyzes your target role of frontend developer and compares it with your current profile to highlight gaps in SQL. It then builds a step‑by‑step plan that starts with core theory and gradually moves into hands‑on projects focused on foundations.
45,"In SkillMiner, how are weekly learning hours used to schedule my interview prep?","When you choose data scientist in SkillMiner, the system builds a personalized roadmap. It emphasizes missing areas like Docker & Kubernetes, allocates time to interview prep, and tracks completion so each week you know exactly what to work on."
46,"In SkillMiner, how can I improve my statistics for a ML research engineer role?",SkillMiner analyzes your target role of ML research engineer and compares it with your current profile to highlight gaps in statistics. It then builds a step‑by‑step plan that starts with core theory and gradually moves into hands‑on projects focused on interview prep.
47,How does SkillMiner use my resume to identify missing skills for a machine learning engineer?,"If you target a machine learning engineer role, SkillMiner clusters your skills around themes such as machine learning fundamentals and aligns them with job‑relevant milestones. The study plan focuses on SQL case studies so that your learning directly supports your next career move."
48,"In SkillMiner, what happens after I upload my resume and choose business analyst as my target role?","SkillMiner uses your resume, target role business analyst, and declared strengths in machine learning fundamentals to generate a learning plan. It balances review of fundamentals with deeper LeetCode practice tasks, and updates recommendations as you mark items complete."
49,"In SkillMiner, how are weekly learning hours used to schedule my projects?",SkillMiner analyzes your target role of business analyst and compares it with your current profile to highlight gaps in NLP. It then builds a step‑by‑step plan that starts with core theory and gradually moves into hands‑on projects focused on projects.
50,How does SkillMiner track my progress across different skills like SQL?,"For a business analyst transition, SkillMiner first extracts skills from your resume, then ranks missing skills such as SQL by impact. It schedules them into weekly sprints that emphasize system design so you can see steady, measurable progress."
51,How does SkillMiner use my resume to identify missing skills for a product manager?,SkillMiner analyzes your target role of product manager and compares it with your current profile to highlight gaps in data visualization. It then builds a step‑by‑step plan that starts with core theory and gradually moves into hands‑on projects focused on projects.
52,How does SkillMiner prioritize topics when I have limited time each week?,"If you target a frontend developer role, SkillMiner clusters your skills around themes such as NLP and aligns them with job‑relevant milestones. The study plan focuses on portfolio building so that your learning directly supports your next career move."
53,How does SkillMiner decide which skills I should learn first if I target a ML research engineer?,SkillMiner analyzes your target role of ML research engineer and compares it with your current profile to highlight gaps in deep learning. It then builds a step‑by‑step plan that starts with core theory and gradually moves into hands‑on projects focused on projects.
54,How does SkillMiner use my resume to identify missing skills for a frontend developer?,"When you choose frontend developer in SkillMiner, the system builds a personalized roadmap. It emphasizes missing areas like statistics, allocates time to ML theory, and tracks completion so each week you know exactly what to work on."
55,What will SkillMiner recommend if my current strength is time‑series analysis but I want to focus more on ML theory?,"SkillMiner uses your resume, target role data scientist, and declared strengths in time‑series analysis to generate a learning plan. It balances review of fundamentals with deeper ML theory tasks, and updates recommendations as you mark items complete."
56,How can SkillMiner help me turn my past experience into projects for a data scientist?,"For a data scientist transition, SkillMiner first extracts skills from your resume, then ranks missing skills such as statistics by impact. It schedules them into weekly sprints that emphasize interview prep so you can see steady, measurable progress."
57,How does SkillMiner generate a study plan when I want to move into full‑stack engineer?,"When you choose full‑stack engineer in SkillMiner, the system builds a personalized roadmap. It emphasizes missing areas like machine learning fundamentals, allocates time to LeetCode practice, and tracks completion so each week you know exactly what to work on."
58,"In SkillMiner, how can I improve my SQL for a machine learning engineer role?","If you target a machine learning engineer role, SkillMiner clusters your skills around themes such as SQL and aligns them with job‑relevant milestones. The study plan focuses on ML theory so that your learning directly supports your next career move."
59,How can SkillMiner help me turn my past experience into projects for a ML research engineer?,"If you target a ML research engineer role, SkillMiner clusters your skills around themes such as cloud computing on AWS and aligns them with job‑relevant milestones. The study plan focuses on LeetCode practice so that your learning directly supports your next career move."
60,"In SkillMiner, how can I improve my Python for a ML research engineer role?","For a ML research engineer transition, SkillMiner first extracts skills from your resume, then ranks missing skills such as Python by impact. It schedules them into weekly sprints that emphasize interview prep so you can see steady, measurable progress."
61,How does SkillMiner decide which skills I should learn first if I target a frontend developer?,"When you choose frontend developer in SkillMiner, the system builds a personalized roadmap. It emphasizes missing areas like deep learning, allocates time to projects, and tracks completion so each week you know exactly what to work on."
62,"In SkillMiner, how can I improve my machine learning fundamentals for a backend developer role?",SkillMiner analyzes your target role of backend developer and compares it with your current profile to highlight gaps in machine learning fundamentals. It then builds a step‑by‑step plan that starts with core theory and gradually moves into hands‑on projects focused on LeetCode practice.
63,How does SkillMiner decide which skills I should learn first if I target a machine learning engineer?,"If you target a machine learning engineer role, SkillMiner clusters your skills around themes such as time‑series analysis and aligns them with job‑relevant milestones. The study plan focuses on projects so that your learning directly supports your next career move."
64,How does SkillMiner track my progress across different skills like data visualization?,"SkillMiner uses your resume, target role product manager, and declared strengths in data visualization to generate a learning plan. It balances review of fundamentals with deeper foundations tasks, and updates recommendations as you mark items complete."
65,"In SkillMiner, what happens after I upload my resume and choose ML research engineer as my target role?","When you choose ML research engineer in SkillMiner, the system builds a personalized roadmap. It emphasizes missing areas like Docker & Kubernetes, allocates time to interview prep, and tracks completion so each week you know exactly what to work on."
66,How can SkillMiner help me turn my past experience into projects for a backend developer?,"For a backend developer transition, SkillMiner first extracts skills from your resume, then ranks missing skills such as statistics by impact. It schedules them into weekly sprints that emphasize foundations so you can see steady, measurable progress."
67,What will SkillMiner recommend if my current strength is SQL but I want to focus more on foundations?,"If you target a business analyst role, SkillMiner clusters your skills around themes such as SQL and aligns them with job‑relevant milestones. The study plan focuses on foundations so that your learning directly supports your next career move."
68,"In SkillMiner, how can I improve my NLP for a backend developer role?","When you choose backend developer in SkillMiner, the system builds a personalized roadmap. It emphasizes missing areas like NLP, allocates time to projects, and tracks completion so each week you know exactly what to work on."
69,How does SkillMiner use my resume to identify missing skills for a ML research engineer?,"For a ML research engineer transition, SkillMiner first extracts skills from your resume, then ranks missing skills such as Docker & Kubernetes by impact. It schedules them into weekly sprints that emphasize portfolio building so you can see steady, measurable progress."
70,How does SkillMiner track my progress across different skills like deep learning?,"For a ML research engineer transition, SkillMiner first extracts skills from your resume, then ranks missing skills such as deep learning by impact. It schedules them into weekly sprints that emphasize foundations so you can see steady, measurable progress."
71,How does SkillMiner prioritize topics when I have limited time each week?,SkillMiner analyzes your target role of machine learning engineer and compares it with your current profile to highlight gaps in SQL. It then builds a step‑by‑step plan that starts with core theory and gradually moves into hands‑on projects focused on system design.
72,How does SkillMiner use my resume to identify missing skills for a frontend developer?,"For a frontend developer transition, SkillMiner first extracts skills from your resume, then ranks missing skills such as machine learning fundamentals by impact. It schedules them into weekly sprints that emphasize portfolio building so you can see steady, measurable progress."
73,How does SkillMiner track my progress across different skills like NLP?,"For a frontend developer transition, SkillMiner first extracts skills from your resume, then ranks missing skills such as NLP by impact. It schedules them into weekly sprints that emphasize portfolio building so you can see steady, measurable progress."
74,"In SkillMiner, what happens after I upload my resume and choose data scientist as my target role?","If you target a data scientist role, SkillMiner clusters your skills around themes such as deep learning and aligns them with job‑relevant milestones. The study plan focuses on interview prep so that your learning directly supports your next career move."
75,"In SkillMiner, what happens after I upload my resume and choose business analyst as my target role?","SkillMiner uses your resume, target role business analyst, and declared strengths in Python to generate a learning plan. It balances review of fundamentals with deeper portfolio building tasks, and updates recommendations as you mark items complete."
76,How does SkillMiner use my resume to identify missing skills for a data scientist?,SkillMiner analyzes your target role of data scientist and compares it with your current profile to highlight gaps in Docker & Kubernetes. It then builds a step‑by‑step plan that starts with core theory and gradually moves into hands‑on projects focused on foundations.
77,How does SkillMiner track my progress across different skills like deep learning?,SkillMiner analyzes your target role of backend developer and compares it with your current profile to highlight gaps in deep learning. It then builds a step‑by‑step plan that starts with core theory and gradually moves into hands‑on projects focused on portfolio building.
78,How does SkillMiner use my resume to identify missing skills for a business analyst?,"When you choose business analyst in SkillMiner, the system builds a personalized roadmap. It emphasizes missing areas like data visualization, allocates time to system design, and tracks completion so each week you know exactly what to work on."
79,What will SkillMiner recommend if my current strength is Python but I want to focus more on SQL case studies?,SkillMiner analyzes your target role of frontend developer and compares it with your current profile to highlight gaps in Python. It then builds a step‑by‑step plan that starts with core theory and gradually moves into hands‑on projects focused on SQL case studies.
80,How does SkillMiner decide which skills I should learn first if I target a data engineer?,"If you target a data engineer role, SkillMiner clusters your skills around themes such as statistics and aligns them with job‑relevant milestones. The study plan focuses on interview prep so that your learning directly supports your next career move."
81,How does SkillMiner prioritize topics when I have limited time each week?,"SkillMiner uses your resume, target role frontend developer, and declared strengths in cloud computing on AWS to generate a learning plan. It balances review of fundamentals with deeper ML theory tasks, and updates recommendations as you mark items complete."
82,How does SkillMiner decide which skills I should learn first if I target a frontend developer?,SkillMiner analyzes your target role of frontend developer and compares it with your current profile to highlight gaps in Docker & Kubernetes. It then builds a step‑by‑step plan that starts with core theory and gradually moves into hands‑on projects focused on LeetCode practice.
83,What will SkillMiner recommend if my current strength is time‑series analysis but I want to focus more on interview prep?,"SkillMiner uses your resume, target role full‑stack engineer, and declared strengths in time‑series analysis to generate a learning plan. It balances review of fundamentals with deeper interview prep tasks, and updates recommendations as you mark items complete."
84,"In SkillMiner, how are weekly learning hours used to schedule my system design?","For a data scientist transition, SkillMiner first extracts skills from your resume, then ranks missing skills such as machine learning fundamentals by impact. It schedules them into weekly sprints that emphasize system design so you can see steady, measurable progress."
85,"In SkillMiner, how are weekly learning hours used to schedule my interview prep?","If you target a full‑stack engineer role, SkillMiner clusters your skills around themes such as NLP and aligns them with job‑relevant milestones. The study plan focuses on interview prep so that your learning directly supports your next career move."
86,What will SkillMiner recommend if my current strength is data visualization but I want to focus more on interview prep?,"When you choose product manager in SkillMiner, the system builds a personalized roadmap. It emphasizes missing areas like data visualization, allocates time to interview prep, and tracks completion so each week you know exactly what to work on."
87,How does SkillMiner prioritize topics when I have limited time each week?,"When you choose ML research engineer in SkillMiner, the system builds a personalized roadmap. It emphasizes missing areas like cloud computing on AWS, allocates time to ML theory, and tracks completion so each week you know exactly what to work on."
88,How does SkillMiner use my resume to identify missing skills for a frontend developer?,"SkillMiner uses your resume, target role frontend developer, and declared strengths in data visualization to generate a learning plan. It balances review of fundamentals with deeper LeetCode practice tasks, and updates recommendations as you mark items complete."
89,How does SkillMiner track my progress across different skills like SQL?,"If you target a backend developer role, SkillMiner clusters your skills around themes such as SQL and aligns them with job‑relevant milestones. The study plan focuses on system design so that your learning directly supports your next career move."
90,"In SkillMiner, how can I improve my time‑series analysis for a data scientist role?","If you target a data scientist role, SkillMiner clusters your skills around themes such as time‑series analysis and aligns them with job‑relevant milestones. The study plan focuses on portfolio building so that your learning directly supports your next career move."
91,"In SkillMiner, what happens after I upload my resume and choose machine learning engineer as my target role?","When you choose machine learning engineer in SkillMiner, the system builds a personalized roadmap. It emphasizes missing areas like NLP, allocates time to system design, and tracks completion so each week you know exactly what to work on."
92,How does SkillMiner generate a study plan when I want to move into business analyst?,"If you target a business analyst role, SkillMiner clusters your skills around themes such as data visualization and aligns them with job‑relevant milestones. The study plan focuses on LeetCode practice so that your learning directly supports your next career move."
93,How can SkillMiner help me turn my past experience into projects for a machine learning engineer?,SkillMiner analyzes your target role of machine learning engineer and compares it with your current profile to highlight gaps in time‑series analysis. It then builds a step‑by‑step plan that starts with core theory and gradually moves into hands‑on projects focused on interview prep.
94,What will SkillMiner recommend if my current strength is NLP but I want to focus more on foundations?,SkillMiner analyzes your target role of machine learning engineer and compares it with your current profile to highlight gaps in NLP. It then builds a step‑by‑step plan that starts with core theory and gradually moves into hands‑on projects focused on foundations.
95,How does SkillMiner generate a study plan when I want to move into product manager?,"When you choose product manager in SkillMiner, the system builds a personalized roadmap. It emphasizes missing areas like statistics, allocates time to system design, and tracks completion so each week you know exactly what to work on."
96,How does SkillMiner use my resume to identify missing skills for a product manager?,SkillMiner analyzes your target role of product manager and compares it with your current profile to highlight gaps in SQL. It then builds a step‑by‑step plan that starts with core theory and gradually moves into hands‑on projects focused on LeetCode practice.
97,"In SkillMiner, how can I improve my statistics for a data scientist role?","SkillMiner uses your resume, target role data scientist, and declared strengths in statistics to generate a learning plan. It balances review of fundamentals with deeper ML theory tasks, and updates recommendations as you mark items complete."
98,How does SkillMiner prioritize topics when I have limited time each week?,"When you choose ML research engineer in SkillMiner, the system builds a personalized roadmap. It emphasizes missing areas like cloud computing on AWS, allocates time to LeetCode practice, and tracks completion so each week you know exactly what to work on."
99,How does SkillMiner generate a study plan when I want to move into frontend developer?,"When you choose frontend developer in SkillMiner, the system builds a personalized roadmap. It emphasizes missing areas like deep learning, allocates time to system design, and tracks completion so each week you know exactly what to work on."
100,How does SkillMiner generate a study plan when I want to move into backend developer?,"SkillMiner uses your resume, target role backend developer, and declared strengths in time‑series analysis to generate a learning plan. It balances review of fundamentals with deeper foundations tasks, and updates recommendations as you mark items complete."
101,How does SkillMiner decide which skills I should learn first if I target a backend developer?,"If you target a backend developer role, SkillMiner clusters your skills around themes such as cloud computing on AWS and aligns them with job‑relevant milestones. The study plan focuses on interview prep so that your learning directly supports your next career move."
102,What will SkillMiner recommend if my current strength is SQL but I want to focus more on interview prep?,"When you choose frontend developer in SkillMiner, the system builds a personalized roadmap. It emphasizes missing areas like SQL, allocates time to interview prep, and tracks completion so each week you know exactly what to work on."
103,How does SkillMiner generate a study plan when I want to move into data engineer?,SkillMiner analyzes your target role of data engineer and compares it with your current profile to highlight gaps in NLP. It then builds a step‑by‑step plan that starts with core theory and gradually moves into hands‑on projects focused on system design.
104,How does SkillMiner prioritize topics when I have limited time each week?,"SkillMiner uses your resume, target role ML research engineer, and declared strengths in SQL to generate a learning plan. It balances review of fundamentals with deeper foundations tasks, and updates recommendations as you mark items complete."
105,"In SkillMiner, how are weekly learning hours used to schedule my projects?","SkillMiner uses your resume, target role data scientist, and declared strengths in SQL to generate a learning plan. It balances review of fundamentals with deeper projects tasks, and updates recommendations as you mark items complete."
106,What will SkillMiner recommend if my current strength is cloud computing on AWS but I want to focus more on LeetCode practice?,"SkillMiner uses your resume, target role machine learning engineer, and declared strengths in cloud computing on AWS to generate a learning plan. It balances review of fundamentals with deeper LeetCode practice tasks, and updates recommendations as you mark items complete."
107,"In SkillMiner, what happens after I upload my resume and choose data engineer as my target role?",SkillMiner analyzes your target role of data engineer and compares it with your current profile to highlight gaps in time‑series analysis. It then builds a step‑by‑step plan that starts with core theory and gradually moves into hands‑on projects focused on portfolio building.
108,"In SkillMiner, how can I improve my Docker & Kubernetes for a product manager role?","For a product manager transition, SkillMiner first extracts skills from your resume, then ranks missing skills such as Docker & Kubernetes by impact. It schedules them into weekly sprints that emphasize system design so you can see steady, measurable progress."
109,How does SkillMiner track my progress across different skills like statistics?,"SkillMiner uses your resume, target role data engineer, and declared strengths in statistics to generate a learning plan. It balances review of fundamentals with deeper ML theory tasks, and updates recommendations as you mark items complete."
110,How does SkillMiner prioritize topics when I have limited time each week?,"SkillMiner uses your resume, target role data engineer, and declared strengths in deep learning to generate a learning plan. It balances review of fundamentals with deeper interview prep tasks, and updates recommendations as you mark items complete."
111,"In SkillMiner, how are weekly learning hours used to schedule my SQL case studies?","For a data engineer transition, SkillMiner first extracts skills from your resume, then ranks missing skills such as statistics by impact. It schedules them into weekly sprints that emphasize SQL case studies so you can see steady, measurable progress."
112,How does SkillMiner prioritize topics when I have limited time each week?,"SkillMiner uses your resume, target role data scientist, and declared strengths in cloud computing on AWS to generate a learning plan. It balances review of fundamentals with deeper portfolio building tasks, and updates recommendations as you mark items complete."
113,How does SkillMiner decide which skills I should learn first if I target a data engineer?,"When you choose data engineer in SkillMiner, the system builds a personalized roadmap. It emphasizes missing areas like Python, allocates time to ML theory, and tracks completion so each week you know exactly what to work on."
114,How can SkillMiner help me turn my past experience into projects for a product manager?,"If you target a product manager role, SkillMiner clusters your skills around themes such as cloud computing on AWS and aligns them with job‑relevant milestones. The study plan focuses on system design so that your learning directly supports your next career move."
115,"In SkillMiner, what happens after I upload my resume and choose product manager as my target role?","When you choose product manager in SkillMiner, the system builds a personalized roadmap. It emphasizes missing areas like machine learning fundamentals, allocates time to SQL case studies, and tracks completion so each week you know exactly what to work on."
116,How does SkillMiner decide which skills I should learn first if I target a data scientist?,"SkillMiner uses your resume, target role data scientist, and declared strengths in NLP to generate a learning plan. It balances review of fundamentals with deeper foundations tasks, and updates recommendations as you mark items complete."
117,"In SkillMiner, what happens after I upload my resume and choose product manager as my target role?",SkillMiner analyzes your target role of product manager and compares it with your current profile to highlight gaps in cloud computing on AWS. It then builds a step‑by‑step plan that starts with core theory and gradually moves into hands‑on projects focused on interview prep.
118,How does SkillMiner generate a study plan when I want to move into ML research engineer?,"If you target a ML research engineer role, SkillMiner clusters your skills around themes such as Docker & Kubernetes and aligns them with job‑relevant milestones. The study plan focuses on system design so that your learning directly supports your next career move."
119,"In SkillMiner, what happens after I upload my resume and choose data engineer as my target role?","SkillMiner uses your resume, target role data engineer, and declared strengths in Docker & Kubernetes to generate a learning plan. It balances review of fundamentals with deeper system design tasks, and updates recommendations as you mark items complete."
120,How does SkillMiner generate a study plan when I want to move into full‑stack engineer?,"SkillMiner uses your resume, target role full‑stack engineer, and declared strengths in Docker & Kubernetes to generate a learning plan. It balances review of fundamentals with deeper projects tasks, and updates recommendations as you mark items complete."
121,"In SkillMiner, what happens after I upload my resume and choose ML research engineer as my target role?","If you target a ML research engineer role, SkillMiner clusters your skills around themes such as Docker & Kubernetes and aligns them with job‑relevant milestones. The study plan focuses on foundations so that your learning directly supports your next career move."
122,How can SkillMiner help me turn my past experience into projects for a data engineer?,"SkillMiner uses your resume, target role data engineer, and declared strengths in deep learning to generate a learning plan. It balances review of fundamentals with deeper interview prep tasks, and updates recommendations as you mark items complete."
123,How can SkillMiner help me turn my past experience into projects for a business analyst?,"For a business analyst transition, SkillMiner first extracts skills from your resume, then ranks missing skills such as NLP by impact. It schedules them into weekly sprints that emphasize SQL case studies so you can see steady, measurable progress."
124,"In SkillMiner, what happens after I upload my resume and choose data scientist as my target role?","When you choose data scientist in SkillMiner, the system builds a personalized roadmap. It emphasizes missing areas like data visualization, allocates time to projects, and tracks completion so each week you know exactly what to work on."
125,"In SkillMiner, what happens after I upload my resume and choose product manager as my target role?","SkillMiner uses your resume, target role product manager, and declared strengths in NLP to generate a learning plan. It balances review of fundamentals with deeper portfolio building tasks, and updates recommendations as you mark items complete."
126,How does SkillMiner decide which skills I should learn first if I target a product manager?,"SkillMiner uses your resume, target role product manager, and declared strengths in NLP to generate a learning plan. It balances review of fundamentals with deeper portfolio building tasks, and updates recommendations as you mark items complete."
127,How can SkillMiner help me turn my past experience into projects for a data scientist?,"For a data scientist transition, SkillMiner first extracts skills from your resume, then ranks missing skills such as deep learning by impact. It schedules them into weekly sprints that emphasize foundations so you can see steady, measurable progress."
128,"In SkillMiner, how can I improve my time‑series analysis for a data scientist role?","For a data scientist transition, SkillMiner first extracts skills from your resume, then ranks missing skills such as time‑series analysis by impact. It schedules them into weekly sprints that emphasize foundations so you can see steady, measurable progress."
129,How does SkillMiner use my resume to identify missing skills for a data scientist?,"When you choose data scientist in SkillMiner, the system builds a personalized roadmap. It emphasizes missing areas like statistics, allocates time to LeetCode practice, and tracks completion so each week you know exactly what to work on."
130,How does SkillMiner decide which skills I should learn first if I target a backend developer?,SkillMiner analyzes your target role of backend developer and compares it with your current profile to highlight gaps in NLP. It then builds a step‑by‑step plan that starts with core theory and gradually moves into hands‑on projects focused on ML theory.
131,How does SkillMiner prioritize topics when I have limited time each week?,"When you choose frontend developer in SkillMiner, the system builds a personalized roadmap. It emphasizes missing areas like cloud computing on AWS, allocates time to interview prep, and tracks completion so each week you know exactly what to work on."
132,How can SkillMiner help me turn my past experience into projects for a product manager?,"SkillMiner uses your resume, target role product manager, and declared strengths in machine learning fundamentals to generate a learning plan. It balances review of fundamentals with deeper foundations tasks, and updates recommendations as you mark items complete."
133,How does SkillMiner decide which skills I should learn first if I target a business analyst?,"For a business analyst transition, SkillMiner first extracts skills from your resume, then ranks missing skills such as machine learning fundamentals by impact. It schedules them into weekly sprints that emphasize interview prep so you can see steady, measurable progress."
134,How does SkillMiner decide which skills I should learn first if I target a business analyst?,"When you choose business analyst in SkillMiner, the system builds a personalized roadmap. It emphasizes missing areas like deep learning, allocates time to system design, and tracks completion so each week you know exactly what to work on."
135,"In SkillMiner, how are weekly learning hours used to schedule my foundations?","If you target a machine learning engineer role, SkillMiner clusters your skills around themes such as Docker & Kubernetes and aligns them with job‑relevant milestones. The study plan focuses on foundations so that your learning directly supports your next career move."
136,"In SkillMiner, what happens after I upload my resume and choose ML research engineer as my target role?","For a ML research engineer transition, SkillMiner first extracts skills from your resume, then ranks missing skills such as Docker & Kubernetes by impact. It schedules them into weekly sprints that emphasize SQL case studies so you can see steady, measurable progress."
137,How does SkillMiner track my progress across different skills like NLP?,SkillMiner analyzes your target role of machine learning engineer and compares it with your current profile to highlight gaps in NLP. It then builds a step‑by‑step plan that starts with core theory and gradually moves into hands‑on projects focused on SQL case studies.
138,How does SkillMiner track my progress across different skills like Docker & Kubernetes?,"If you target a data scientist role, SkillMiner clusters your skills around themes such as Docker & Kubernetes and aligns them with job‑relevant milestones. The study plan focuses on portfolio building so that your learning directly supports your next career move."
139,How can SkillMiner help me turn my past experience into projects for a machine learning engineer?,"SkillMiner uses your resume, target role machine learning engineer, and declared strengths in data visualization to generate a learning plan. It balances review of fundamentals with deeper portfolio building tasks, and updates recommendations as you mark items complete."
140,How does SkillMiner track my progress across different skills like statistics?,"For a backend developer transition, SkillMiner first extracts skills from your resume, then ranks missing skills such as statistics by impact. It schedules them into weekly sprints that emphasize foundations so you can see steady, measurable progress."
141,What will SkillMiner recommend if my current strength is Python but I want to focus more on system design?,SkillMiner analyzes your target role of backend developer and compares it with your current profile to highlight gaps in Python. It then builds a step‑by‑step plan that starts with core theory and gradually moves into hands‑on projects focused on system design.
142,How does SkillMiner track my progress across different skills like Python?,"When you choose machine learning engineer in SkillMiner, the system builds a personalized roadmap. It emphasizes missing areas like Python, allocates time to system design, and tracks completion so each week you know exactly what to work on."
143,How does SkillMiner generate a study plan when I want to move into business analyst?,"When you choose business analyst in SkillMiner, the system builds a personalized roadmap. It emphasizes missing areas like NLP, allocates time to portfolio building, and tracks completion so each week you know exactly what to work on."
144,How can SkillMiner help me turn my past experience into projects for a product manager?,"When you choose product manager in SkillMiner, the system builds a personalized roadmap. It emphasizes missing areas like statistics, allocates time to projects, and tracks completion so each week you know exactly what to work on."
145,"In SkillMiner, how can I improve my time‑series analysis for a machine learning engineer role?",SkillMiner analyzes your target role of machine learning engineer and compares it with your current profile to highlight gaps in time‑series analysis. It then builds a step‑by‑step plan that starts with core theory and gradually moves into hands‑on projects focused on foundations.
146,How does SkillMiner use my resume to identify missing skills for a machine learning engineer?,"SkillMiner uses your resume, target role machine learning engineer, and declared strengths in data visualization to generate a learning plan. It balances review of fundamentals with deeper foundations tasks, and updates recommendations as you mark items complete."
147,"In SkillMiner, what happens after I upload my resume and choose machine learning engineer as my target role?","When you choose machine learning engineer in SkillMiner, the system builds a personalized roadmap. It emphasizes missing areas like Docker & Kubernetes, allocates time to interview prep, and tracks completion so each week you know exactly what to work on."
148,How does SkillMiner generate a study plan when I want to move into data engineer?,"SkillMiner uses your resume, target role data engineer, and declared strengths in deep learning to generate a learning plan. It balances review of fundamentals with deeper system design tasks, and updates recommendations as you mark items complete."
149,How does SkillMiner decide which skills I should learn first if I target a full‑stack engineer?,SkillMiner analyzes your target role of full‑stack engineer and compares it with your current profile to highlight gaps in deep learning. It then builds a step‑by‑step plan that starts with core theory and gradually moves into hands‑on projects focused on ML theory.
150,How does SkillMiner decide which skills I should learn first if I target a full‑stack engineer?,SkillMiner analyzes your target role of full‑stack engineer and compares it with your current profile to highlight gaps in Docker & Kubernetes. It then builds a step‑by‑step plan that starts with core theory and gradually moves into hands‑on projects focused on portfolio building.
151,How does SkillMiner prioritize topics when I have limited time each week?,"If you target a ML research engineer role, SkillMiner clusters your skills around themes such as statistics and aligns them with job‑relevant milestones. The study plan focuses on ML theory so that your learning directly supports your next career move."
152,How does SkillMiner decide which skills I should learn first if I target a data engineer?,"If you target a data engineer role, SkillMiner clusters your skills around themes such as Python and aligns them with job‑relevant milestones. The study plan focuses on LeetCode practice so that your learning directly supports your next career move."
153,How does SkillMiner track my progress across different skills like machine learning fundamentals?,"If you target a data engineer role, SkillMiner clusters your skills around themes such as machine learning fundamentals and aligns them with job‑relevant milestones. The study plan focuses on SQL case studies so that your learning directly supports your next career move."
154,How does SkillMiner prioritize topics when I have limited time each week?,"When you choose business analyst in SkillMiner, the system builds a personalized roadmap. It emphasizes missing areas like cloud computing on AWS, allocates time to projects, and tracks completion so each week you know exactly what to work on."
155,How can SkillMiner help me turn my past experience into projects for a full‑stack engineer?,"If you target a full‑stack engineer role, SkillMiner clusters your skills around themes such as data visualization and aligns them with job‑relevant milestones. The study plan focuses on foundations so that your learning directly supports your next career move."
156,How does SkillMiner use my resume to identify missing skills for a ML research engineer?,SkillMiner analyzes your target role of ML research engineer and compares it with your current profile to highlight gaps in data visualization. It then builds a step‑by‑step plan that starts with core theory and gradually moves into hands‑on projects focused on projects.
157,"In SkillMiner, how are weekly learning hours used to schedule my SQL case studies?",SkillMiner analyzes your target role of full‑stack engineer and compares it with your current profile to highlight gaps in data visualization. It then builds a step‑by‑step plan that starts with core theory and gradually moves into hands‑on projects focused on SQL case studies.
158,How does SkillMiner track my progress across different skills like time‑series analysis?,"For a business analyst transition, SkillMiner first extracts skills from your resume, then ranks missing skills such as time‑series analysis by impact. It schedules them into weekly sprints that emphasize interview prep so you can see steady, measurable progress."
159,How does SkillMiner generate a study plan when I want to move into frontend developer?,"When you choose frontend developer in SkillMiner, the system builds a personalized roadmap. It emphasizes missing areas like time‑series analysis, allocates time to LeetCode practice, and tracks completion so each week you know exactly what to work on."
160,What will SkillMiner recommend if my current strength is cloud computing on AWS but I want to focus more on ML theory?,"If you target a ML research engineer role, SkillMiner clusters your skills around themes such as cloud computing on AWS and aligns them with job‑relevant milestones. The study plan focuses on ML theory so that your learning directly supports your next career move."
161,How does SkillMiner generate a study plan when I want to move into product manager?,"For a product manager transition, SkillMiner first extracts skills from your resume, then ranks missing skills such as data visualization by impact. It schedules them into weekly sprints that emphasize projects so you can see steady, measurable progress."
162,"In SkillMiner, what happens after I upload my resume and choose data engineer as my target role?","If you target a data engineer role, SkillMiner clusters your skills around themes such as data visualization and aligns them with job‑relevant milestones. The study plan focuses on LeetCode practice so that your learning directly supports your next career move."
163,"In SkillMiner, what happens after I upload my resume and choose frontend developer as my target role?","When you choose frontend developer in SkillMiner, the system builds a personalized roadmap. It emphasizes missing areas like time‑series analysis, allocates time to system design, and tracks completion so each week you know exactly what to work on."
164,How does SkillMiner prioritize topics when I have limited time each week?,"If you target a business analyst role, SkillMiner clusters your skills around themes such as statistics and aligns them with job‑relevant milestones. The study plan focuses on ML theory so that your learning directly supports your next career move."
165,"In SkillMiner, how are weekly learning hours used to schedule my portfolio building?","When you choose data engineer in SkillMiner, the system builds a personalized roadmap. It emphasizes missing areas like data visualization, allocates time to portfolio building, and tracks completion so each week you know exactly what to work on."
166,"In SkillMiner, what happens after I upload my resume and choose full‑stack engineer as my target role?","For a full‑stack engineer transition, SkillMiner first extracts skills from your resume, then ranks missing skills such as deep learning by impact. It schedules them into weekly sprints that emphasize LeetCode practice so you can see steady, measurable progress."
167,How does SkillMiner prioritize topics when I have limited time each week?,SkillMiner analyzes your target role of data engineer and compares it with your current profile to highlight gaps in Docker & Kubernetes. It then builds a step‑by‑step plan that starts with core theory and gradually moves into hands‑on projects focused on LeetCode practice.
168,How does SkillMiner prioritize topics when I have limited time each week?,"For a frontend developer transition, SkillMiner first extracts skills from your resume, then ranks missing skills such as SQL by impact. It schedules them into weekly sprints that emphasize system design so you can see steady, measurable progress."
169,How does SkillMiner prioritize topics when I have limited time each week?,"When you choose machine learning engineer in SkillMiner, the system builds a personalized roadmap. It emphasizes missing areas like deep learning, allocates time to ML theory, and tracks completion so each week you know exactly what to work on."
170,How does SkillMiner prioritize topics when I have limited time each week?,"SkillMiner uses your resume, target role full‑stack engineer, and declared strengths in statistics to generate a learning plan. It balances review of fundamentals with deeper SQL case studies tasks, and updates recommendations as you mark items complete."
171,"In SkillMiner, how are weekly learning hours used to schedule my portfolio building?","When you choose machine learning engineer in SkillMiner, the system builds a personalized roadmap. It emphasizes missing areas like cloud computing on AWS, allocates time to portfolio building, and tracks completion so each week you know exactly what to work on."
172,What will SkillMiner recommend if my current strength is time‑series analysis but I want to focus more on foundations?,"When you choose data scientist in SkillMiner, the system builds a personalized roadmap. It emphasizes missing areas like time‑series analysis, allocates time to foundations, and tracks completion so each week you know exactly what to work on."
173,How does SkillMiner use my resume to identify missing skills for a backend developer?,"SkillMiner uses your resume, target role backend developer, and declared strengths in machine learning fundamentals to generate a learning plan. It balances review of fundamentals with deeper foundations tasks, and updates recommendations as you mark items complete."
174,"In SkillMiner, how can I improve my SQL for a ML research engineer role?","If you target a ML research engineer role, SkillMiner clusters your skills around themes such as SQL and aligns them with job‑relevant milestones. The study plan focuses on interview prep so that your learning directly supports your next career move."
175,How does SkillMiner use my resume to identify missing skills for a backend developer?,SkillMiner analyzes your target role of backend developer and compares it with your current profile to highlight gaps in SQL. It then builds a step‑by‑step plan that starts with core theory and gradually moves into hands‑on projects focused on system design.
176,How does SkillMiner generate a study plan when I want to move into data scientist?,"SkillMiner uses your resume, target role data scientist, and declared strengths in machine learning fundamentals to generate a learning plan. It balances review of fundamentals with deeper ML theory tasks, and updates recommendations as you mark items complete."
177,How does SkillMiner use my resume to identify missing skills for a business analyst?,"When you choose business analyst in SkillMiner, the system builds a personalized roadmap. It emphasizes missing areas like deep learning, allocates time to system design, and tracks completion so each week you know exactly what to work on."
178,How does SkillMiner track my progress across different skills like machine learning fundamentals?,"For a data scientist transition, SkillMiner first extracts skills from your resume, then ranks missing skills such as machine learning fundamentals by impact. It schedules them into weekly sprints that emphasize system design so you can see steady, measurable progress."
179,How does SkillMiner prioritize topics when I have limited time each week?,"When you choose data engineer in SkillMiner, the system builds a personalized roadmap. It emphasizes missing areas like time‑series analysis, allocates time to ML theory, and tracks completion so each week you know exactly what to work on."
180,What will SkillMiner recommend if my current strength is data visualization but I want to focus more on interview prep?,"If you target a backend developer role, SkillMiner clusters your skills around themes such as data visualization and aligns them with job‑relevant milestones. The study plan focuses on interview prep so that your learning directly supports your next career move."
181,"In SkillMiner, how are weekly learning hours used to schedule my foundations?","SkillMiner uses your resume, target role backend developer, and declared strengths in NLP to generate a learning plan. It balances review of fundamentals with deeper foundations tasks, and updates recommendations as you mark items complete."
182,"In SkillMiner, how are weekly learning hours used to schedule my system design?",SkillMiner analyzes your target role of frontend developer and compares it with your current profile to highlight gaps in NLP. It then builds a step‑by‑step plan that starts with core theory and gradually moves into hands‑on projects focused on system design.
183,"In SkillMiner, how can I improve my SQL for a ML research engineer role?","If you target a ML research engineer role, SkillMiner clusters your skills around themes such as SQL and aligns them with job‑relevant milestones. The study plan focuses on LeetCode practice so that your learning directly supports your next career move."
184,What will SkillMiner recommend if my current strength is machine learning fundamentals but I want to focus more on SQL case studies?,"If you target a business analyst role, SkillMiner clusters your skills around themes such as machine learning fundamentals and aligns them with job‑relevant milestones. The study plan focuses on SQL case studies so that your learning directly supports your next career move."
185,"In SkillMiner, how can I improve my time‑series analysis for a full‑stack engineer role?","For a full‑stack engineer transition, SkillMiner first extracts skills from your resume, then ranks missing skills such as time‑series analysis by impact. It schedules them into weekly sprints that emphasize system design so you can see steady, measurable progress."
186,What will SkillMiner recommend if my current strength is deep learning but I want to focus more on projects?,SkillMiner analyzes your target role of frontend developer and compares it with your current profile to highlight gaps in deep learning. It then builds a step‑by‑step plan that starts with core theory and gradually moves into hands‑on projects focused on projects.
187,How does SkillMiner use my resume to identify missing skills for a full‑stack engineer?,"If you target a full‑stack engineer role, SkillMiner clusters your skills around themes such as NLP and aligns them with job‑relevant milestones. The study plan focuses on portfolio building so that your learning directly supports your next career move."
188,How does SkillMiner use my resume to identify missing skills for a frontend developer?,"If you target a frontend developer role, SkillMiner clusters your skills around themes such as data visualization and aligns them with job‑relevant milestones. The study plan focuses on SQL case studies so that your learning directly supports your next career move."
189,"In SkillMiner, what happens after I upload my resume and choose backend developer as my target role?",SkillMiner analyzes your target role of backend developer and compares it with your current profile to highlight gaps in machine learning fundamentals. It then builds a step‑by‑step plan that starts with core theory and gradually moves into hands‑on projects focused on LeetCode practice.
190,"In SkillMiner, what happens after I upload my resume and choose frontend developer as my target role?","When you choose frontend developer in SkillMiner, the system builds a personalized roadmap. It emphasizes missing areas like deep learning, allocates time to interview prep, and tracks completion so each week you know exactly what to work on."
191,How does SkillMiner prioritize topics when I have limited time each week?,"SkillMiner uses your resume, target role business analyst, and declared strengths in Python to generate a learning plan. It balances review of fundamentals with deeper LeetCode practice tasks, and updates recommendations as you mark items complete."
192,"In SkillMiner, what happens after I upload my resume and choose data engineer as my target role?","For a data engineer transition, SkillMiner first extracts skills from your resume, then ranks missing skills such as Python by impact. It schedules them into weekly sprints that emphasize LeetCode practice so you can see steady, measurable progress."
193,What will SkillMiner recommend if my current strength is deep learning but I want to focus more on foundations?,"If you target a business analyst role, SkillMiner clusters your skills around themes such as deep learning and aligns them with job‑relevant milestones. The study plan focuses on foundations so that your learning directly supports your next career move."
194,How does SkillMiner track my progress across different skills like data visualization?,"When you choose frontend developer in SkillMiner, the system builds a personalized roadmap. It emphasizes missing areas like data visualization, allocates time to foundations, and tracks completion so each week you know exactly what to work on."
195,How does SkillMiner generate a study plan when I want to move into product manager?,"For a product manager transition, SkillMiner first extracts skills from your resume, then ranks missing skills such as statistics by impact. It schedules them into weekly sprints that emphasize ML theory so you can see steady, measurable progress."
196,"In SkillMiner, how are weekly learning hours used to schedule my ML theory?","When you choose product manager in SkillMiner, the system builds a personalized roadmap. It emphasizes missing areas like cloud computing on AWS, allocates time to ML theory, and tracks completion so each week you know exactly what to work on."
197,How does SkillMiner generate a study plan when I want to move into data scientist?,"For a data scientist transition, SkillMiner first extracts skills from your resume, then ranks missing skills such as machine learning fundamentals by impact. It schedules them into weekly sprints that emphasize interview prep so you can see steady, measurable progress."
198,What will SkillMiner recommend if my current strength is NLP but I want to focus more on foundations?,SkillMiner analyzes your target role of business analyst and compares it with your current profile to highlight gaps in NLP. It then builds a step‑by‑step plan that starts with core theory and gradually moves into hands‑on projects focused on foundations.
199,How can SkillMiner help me turn my past experience into projects for a frontend developer?,"SkillMiner uses your resume, target role frontend developer, and declared strengths in deep learning to generate a learning plan. It balances review of fundamentals with deeper interview prep tasks, and updates recommendations as you mark items complete."
200,How does SkillMiner use my resume to identify missing skills for a product manager?,SkillMiner analyzes your target role of product manager and compares it with your current profile to highlight gaps in Docker & Kubernetes. It then builds a step‑by‑step plan that starts with core theory and gradually moves into hands‑on projects focused on SQL case studies.
